<?xml version="1.0" encoding="UTF-8"?>
<project-private xmlns="http://www.netbeans.org/ns/project-private/1">
    <editor-bookmarks xmlns="http://www.netbeans.org/ns/editor-bookmarks/2" lastBookmarkId="0"/>
    <open-files xmlns="http://www.netbeans.org/ns/projectui-open-files/2">
        <group>
            <file>file:/home/admin/NetBeansProjects/Cesta/web/index.html</file>
            <file>file:/home/admin/NetBeansProjects/Cesta/src/java/Cesta/EJBCesta.java</file>
            <file>file:/home/admin/NetBeansProjects/Cesta/web/WEB-INF/web.xml</file>
            <file>file:/home/admin/NetBeansProjects/Cesta/src/java/Cesta/UserCompra.java</file>
            <file>file:/home/admin/NetBeansProjects/Cesta/src/java/Cesta/EJBCestaLocal.java</file>
            <file>file:/home/admin/NetBeansProjects/Cesta/test/ServletComprar.java</file>
            <file>file:/home/admin/NetBeansProjects/Cesta/src/java/Cesta/ServletConfirmar.java</file>
            <file>file:/home/admin/NetBeansProjects/Cesta/src/java/Cesta/ServletMostrarProductos.java</file>
        </group>
    </open-files>
</project-private>
